region,name_ja,kana,name_en,name_la,conf
女性外皮,Breast_Base,,Breast (skin),Mamma,low
歯,左下第一大臼歯,ひだりしただいいちだいきゅうし,Left Mandibular 1st molar,Dens molaris inferior I sin.,
歯,左下第一小臼歯,ひだりしただいいちしょうきゅうし,Left Mandibular 1st premolar,Dens premolaris inferior I sin.,
歯,左下第二大臼歯,ひだりしただいにだいきゅうし,Left Mandibular 2nd molar,Dens molaris inferior II sin.,
歯,左下第二小臼歯,ひだりしただいにしょうきゅうし,Left Mandibular 2nd premolar,Dens premolaris inferior II sin.,
歯,左下犬歯,ひだりしたけんし,Left Mandibular canine,Dens caninus inferior sin.,
歯,左下中切歯,ひだりしたちゅうせっし,Left Mandibular central incisor,Dens incisivus centralis inferior sin.,
歯,左下側切歯,ひだりかそくせっし,Left Mandibular lateral incisor,Dens incisivus lateralis inferior sin.,
歯,左上第一大臼歯,ひだりうえだいいちだいきゅうし,Left Maxillary 1st molar,Dens molaris superior I sin.,
歯,左上第一小臼歯,ひだりうえだいいちしょうきゅうし,Left Maxillary 1st premolar,Dens premolaris superior I sin.,
歯,左上第二大臼歯,ひだりうえだいにだいきゅうし,Left Maxillary 2nd molar,Dens molaris superior II sin.,
歯,左上第二小臼歯,ひだりうえだいにしょうきゅうし,Left Maxillary 2nd premolar,Dens premolaris superior II sin.,
歯,左上犬歯,ひだりうえけんし,Left Maxillary canine,Dens caninus superior sin.,
歯,左上中切歯,ひだりうえちゅうせっし,Left Maxillary central incisor,Dens incisivus centralis superior sin.,
歯,左上側切歯,ひだりじょうそくせっし,Left Maxillary lateral incisor,Dens incisivus lateralis superior sin.,
歯,右下第一大臼歯,みぎしただいいちだいきゅうし,Right Mandibular 1st molar,Dens molaris inferior I dext.,
歯,右下第一小臼歯,みぎしただいいちしょうきゅうし,Right Mandibular 1st premolar,Dens premolaris inferior I dext.,
歯,右下第二大臼歯,みぎしただいにだいきゅうし,Right Mandibular 2nd molar,Dens molaris inferior II dext.,
歯,右下第二小臼歯,みぎしただいにしょうきゅうし,Right Mandibular 2nd premolar,Dens premolaris inferior II dext.,
歯,右下犬歯,みぎしたけんし,Right Mandibular canine,Dens caninus inferior dext.,
歯,右下中切歯,みぎしたちゅうせっし,Right Mandibular central incisor,Dens incisivus centralis inferior dext.,
歯,右下側切歯,みぎかそくせっし,Right Mandibular lateral incisor,Dens incisivus lateralis inferior dext.,
歯,右上第一大臼歯,みぎうえだいいちだいきゅうし,Right Maxillary 1st molar,Dens molaris superior I dext.,
歯,右上第一小臼歯,みぎうえだいいちしょうきゅうし,Right Maxillary 1st premolar,Dens premolaris superior I dext.,
歯,右上第二大臼歯,みぎうえだいにだいきゅうし,Right Maxillary 2nd molar,Dens molaris superior II dext.,
歯,右上第二小臼歯,みぎうえだいにしょうきゅうし,Right Maxillary 2nd premolar,Dens premolaris superior II dext.,
歯,右上犬歯,みぎうえけんし,Right Maxillary canine,Dens caninus superior dext.,
歯,右上中切歯,みぎうえちゅうせっし,Right Maxillary central incisor,Dens incisivus centralis superior dext.,
歯,右上側切歯,みぎじょうそくせっし,Right Maxillary lateral incisor,Dens incisivus lateralis superior dext.,
筋肉_右上腕,右上腕二頭筋長頭,みぎじょうわんにとうきんちょうとう,"Right Biceps brachii, long head","M. biceps brachii, caput longum dext.",
筋肉_右上腕,右上腕二頭筋短頭,みぎじょうわんにとうきんたんとう,"Right Biceps brachii, short head","M. biceps brachii, caput breve dext.",
筋肉_右上腕,右上腕筋,みぎじょうわんきん,Right Brachialis,Musculus brachialis dext.,
筋肉_右上腕,右烏口腕筋,みぎうこうわんきん,Right Coracobrachialis,Musculus coracobrachialis dext.,
筋肉_右上腕,右三角筋肩峰部,みぎさんかくきんけんほうぶ,"Right Deltoid, acromial part","M. deltoideus, pars acromialis dext.",
筋肉_右上腕,右三角筋鎖骨部,みぎさんかくきんさこつぶ,"Right Deltoid, clavicular part","M. deltoideus, pars clavicularis dext.",
筋肉_右上腕,右三角筋肩甲棘部,みぎさんかくきんけんこうきょくぶ,"Right Deltoid, spinal part","M. deltoideus, pars spinalis dext.",
筋肉_右上腕,右棘下筋,みぎきょくかきん,Right Infraspinatus,Musculus infraspinatus dext.,
筋肉_右上腕,右肩甲下筋,みぎけんこうかきん,Right Subscapularis,Musculus subscapularis dext.,
筋肉_右上腕,右棘上筋,みぎきょくじょうきん,Right Supraspinatus,Musculus supraspinatus dext.,
筋肉_右上腕,右大円筋,みぎだいえんきん,Right Teres major,Musculus teres major dext.,
筋肉_右上腕,右小円筋,みぎしょうえんきん,Right Teres minor,Musculus teres minor dext.,
筋肉_右上腕,右上腕三頭筋外側頭,みぎじょうわんさんとうきんがいそくとう,"Right Triceps brachii, lateral head","M. triceps brachii, caput laterale dext.",
筋肉_右上腕,右上腕三頭筋長頭,みぎじょうわんさんとうきんちょうとう,"Right Triceps brachii, long head","M. triceps brachii, caput longum dext.",
筋肉_右上腕,右上腕三頭筋内側頭,みぎじょうわんさんとうきんないそくとう,"Right Triceps brachii, medial head","M. triceps brachii, caput mediale dext.",
筋肉_右下腿,右長趾伸筋,みぎちょうししんきん,Right Extensor digitorum longus,Musculus extensor digitorum longus dext.,
筋肉_右下腿,右長母趾伸筋,みぎちょうぼししんきん,Right Extensor hallucis longus,Musculus extensor hallucis longus dext.,
筋肉_右下腿,右短腓骨筋,みぎたんひこつきん,Right Fibularis brevis,Musculus fibularis brevis dext.,
筋肉_右下腿,右長腓骨筋,みぎちょうひこつきん,Right Fibularis longus,Musculus fibularis longus dext.,
筋肉_右下腿,右第三腓骨筋,みぎだいさんひこつきん,Right Fibularis tertius,Musculus fibularis tertius dext.,low
筋肉_右下腿,右長趾屈筋,みぎちょうしくっきん,Right Flexor digitorum longus,Musculus flexor digitorum longus dext.,
筋肉_右下腿,右長母趾屈筋,みぎちょうぼしくっきん,Right Flexor hallucis longus,Musculus flexor hallucis longus dext.,
筋肉_右下腿,右腓腹筋外側頭,みぎひふくきんがいそくとう,"Right Gastrocnemius, lateral head","M. gastrocnemius, caput laterale dext.",
筋肉_右下腿,右腓腹筋内側頭,みぎひふくきんないそくとう,"Right Gastrocnemius, medial head","M. gastrocnemius, caput mediale dext.",
筋肉_右下腿,右膝窩筋,みぎしつかきん,Right Popliteus,Musculus popliteus dext.,
筋肉_右下腿,右ヒラメ筋,みぎひらめきん,Right Soleus,Musculus soleus dext.,
筋肉_右下腿,右前脛骨筋,みぎぜんけいこつきん,Right Tibialis anterior,Musculus tibialis anterior dext.,
筋肉_右下腿,右後脛骨筋,みぎこうけいこつきん,Right Tibialis posterior,Musculus tibialis posterior dext.,
筋肉_右前腕,右長母指外転筋,みぎちょうぼしがいてんきん,Right Abductor pollicis longus,Musculus abductor pollicis longus dext.,
筋肉_右前腕,右母指内転筋斜頭,みぎぼしないてんきんしゃとう,"Right Adductor pollicis, oblique head","M. adductor pollicis, caput obliquum dext.",
筋肉_右前腕,右母指内転筋横頭,みぎぼしないてんきんおうとう,"Right Adductor pollicis, transverse head","M. adductor pollicis, caput transversum dext.",
筋肉_右前腕,右肘筋,みぎちゅうきん,Right Anconeus,Musculus anconeus dext.,
筋肉_右前腕,右腕橈骨筋,みぎわんとうこつきん,Right Brachioradialis,Musculus brachioradialis dext.,
筋肉_右前腕,右短橈側手根伸筋,みぎたんとうそくしゅこんしんきん,Right Extensor carpi radialis brevis,Musculus extensor carpi radialis brevis dext.,
筋肉_右前腕,右長橈側手根伸筋,みぎちょうとうそくしゅこんしんきん,Right Extensor carpi radialis longus,Musculus extensor carpi radialis longus dext.,
筋肉_右前腕,右尺側手根伸筋上腕頭,みぎしゃくそくしゅこんしんきんじょうわんとう,"Right Extensor carpi ulnaris, humeral head","M. extensor carpi ulnaris, caput humerale dext.",
筋肉_右前腕,右尺側手根伸筋尺骨頭,みぎしゃくそくしゅこんしんきんしゃくこつとう,"Right Extensor carpi ulnaris, ulnar head","M. extensor carpi ulnaris, caput ulnare dext.",
筋肉_右前腕,右小指伸筋,みぎしょうししんきん,Right Extensor digiti minimi,Musculus extensor digiti minimi dext.,
筋肉_右前腕,右総指伸筋,みぎそうししんきん,Right Extensor digitorum,Musculus extensor digitorum dext.,
筋肉_右前腕,右示指伸筋,みぎしじしんきん,Right Extensor indicis,Musculus extensor indicis dext.,
筋肉_右前腕,右長母指伸筋,みぎちょうぼししんきん,Right Extensor pollicis longus,Musculus extensor pollicis longus dext.,
筋肉_右前腕,右橈側手根屈筋,みぎとうそくしゅこんくっきん,Right Flexor carpi radialis,Musculus flexor carpi radialis dext.,
筋肉_右前腕,右尺側手根屈筋上腕頭,みぎしゃくそくしゅこんくっきんじょうわんとう,"Right Flexor carpi ulnaris, humeral head","M. flexor carpi ulnaris, caput humerale dext.",
筋肉_右前腕,右尺側手根屈筋尺骨頭,みぎしゃくそくしゅこんくっきんしゃくこつとう,"Right Flexor carpi ulnaris, ulnar head","M. flexor carpi ulnaris, caput ulnare dext.",
筋肉_右前腕,右深指屈筋,みぎしんしくっきん,Right Flexor digitorum profundus,Musculus flexor digitorum profundus dext.,
筋肉_右前腕,右浅指屈筋上腕尺骨頭,みぎせんしくっきんじょうわんしゃっこつとう,"Right Flexor digitorum superficialis, humeroulnar head","M. flexor digitorum superficialis, caput humeroulnare dext.",
筋肉_右前腕,右浅指屈筋橈骨頭,みぎせんしくっきんとうこつとう,"Right Flexor digitorum superficialis, radial head","M. flexor digitorum superficialis, caput radiale dext.",
筋肉_右前腕,右長母指屈筋,みぎちょうぼしくっきん,Right Flexor pollicis longus,Musculus flexor pollicis longus dext.,
筋肉_右前腕,右母指対立筋,みぎぼしたいりつきん,Right Opponens pollicis,Musculus opponens pollicis dext.,
筋肉_右前腕,右長掌筋,みぎちょうしょうきん,Right Palmaris longus,Musculus palmaris longus dext.,
筋肉_右前腕,右方形回内筋,みぎほうけいかいないきん,Right Pronator quadratus,Musculus pronator quadratus dext.,
筋肉_右前腕,右円回内筋上腕頭,みぎえんかいないきんじょうわんとう,"Right Pronator teres, humeral head","M. pronator teres, caput humerale dext.",
筋肉_右前腕,右円回内筋尺骨頭,みぎえんかいないきんしゃくこつとう,"Right Pronator teres, ulnar head","M. pronator teres, caput ulnare dext.",
筋肉_右前腕,右回外筋,みぎかいがいきん,Right Supinator,Musculus supinator dext.,
筋肉_右大腿,右短内転筋,みぎたんないてんきん,Right Adductor brevis,Musculus adductor brevis dext.,
筋肉_右大腿,右長内転筋,みぎちょうないてんきん,Right Adductor longus,Musculus adductor longus dext.,
筋肉_右大腿,右大内転筋,みぎだいないてんきん,Right Adductor magnus,Musculus adductor magnus dext.,
筋肉_右大腿,右小内転筋,みぎしょうないてんきん,Right Adductor minimus,Musculus adductor minimus dext.,
筋肉_右大腿,右大腿二頭筋長頭,みぎだいたいにとうきんちょうとう,"Right Biceps femoris, long head","M. biceps femoris, caput longum dext.",
筋肉_右大腿,右大腿二頭筋短頭,みぎだいたいにとうきんたんとう,"Right Biceps femoris, short head","M. biceps femoris, caput breve dext.",
筋肉_右大腿,右薄筋,みぎはくきん,Right Gracilis,Musculus gracilis dext.,
筋肉_右大腿,右恥骨筋,みぎちこつきん,Right Pectineus,Musculus pectineus dext.,
筋肉_右大腿,右大腿直筋,みぎだいたいちょくきん,Right Rectus femoris,Musculus rectus femoris dext.,
筋肉_右大腿,右縫工筋,みぎほうこうきん,Right Sartorius,Musculus sartorius dext.,
筋肉_右大腿,右半膜様筋,みぎはんまくようきん,Right Semimembranosus,Musculus semimembranosus dext.,
筋肉_右大腿,右半腱様筋,みぎはんけんようきん,Right Semitendinosus,Musculus semitendinosus dext.,
筋肉_右大腿,右大腿筋膜張筋,みぎだいたいきんまくちょうきん,Right Tensor fasciae latae,Musculus tensor fasciae latae dext.,
筋肉_右大腿,右中間広筋,みぎちゅうかんこうきん,Right Vastus intermedius,Musculus vastus intermedius dext.,
筋肉_右大腿,右外側広筋,みぎがいそくこうきん,Right Vastus lateralis,Musculus vastus lateralis dext.,
筋肉_右大腿,右内側広筋,みぎないそくこうきん,Right Vastus medialis,Musculus vastus medialis dext.,
筋肉_右手,右小指外転筋,みぎしょうしがいてんきん,Right Abductor digiti minimi (hand),Musculus abductor digiti minimi manus dext.,
筋肉_右手,右短母指外転筋,みぎたんぼしがいてんきん,Right Abductor pollicis brevis,Musculus abductor pollicis brevis dext.,
筋肉_右手,右手の背側骨間筋,みぎてのはいそくこっかんきん,Right Dorsal interossei of hand,Musculi interossei dorsales manus dext.,
筋肉_右手,右短母指伸筋,みぎたんぼししんきん,Right Extensor pollicis brevis,Musculus extensor pollicis brevis dext.,
筋肉_右手,右短小指屈筋,みぎたんしょうしくっきん,Right Flexor digiti minimi brevis (hand),Musculus flexor digiti minimi brevis manus dext.,
筋肉_右手,右短母指屈筋深頭,みぎたんぼしくっきんしんとう,"Right Flexor pollicis brevis, deep head","M. flexor pollicis brevis, caput profundum dext.",
筋肉_右手,右短母指屈筋浅頭,みぎたんぼしくっきんせんとう,"Right Flexor pollicis brevis, superficial head","M. flexor pollicis brevis, caput superficiale dext.",
筋肉_右手,右手の屈筋支帯,みぎてのくっきんしたい,Right Flexor retinaculum of hand,Retinaculum musculorum flexorum manus dext.,
筋肉_右手,右小指対立筋,みぎしょうしたいりつきん,Right Opponens digiti minimi (hand),Musculus opponens digiti minimi manus dext.,
筋肉_右足,右足第一虫様筋,みぎあしだいいちちゅうようきん,Right 1st lumbrical of foot,Musculus lumbricalis pedis I dext.,
筋肉_右足,右足第二虫様筋,みぎあしだいにちゅうようきん,Right 2nd lumbrical of foot,Musculus lumbricalis pedis II dext.,
筋肉_右足,右足第三虫様筋,みぎあしだいさんちゅうようきん,Right 3rd lumbrical of foot,Musculus lumbricalis pedis III dext.,
筋肉_右足,右足第四虫様筋,みぎあしだいよんちゅうようきん,Right 4th lumbrical of foot,Musculus lumbricalis pedis IV dext.,
筋肉_右足,右小趾外転筋,みぎしょうしがいてんきん,Right Abductor digiti minimi (foot),Musculus abductor digiti minimi pedis dext.,
筋肉_右足,右母趾外転筋,みぎぼしがいてんきん,Right Abductor hallucis,Musculus abductor hallucis dext.,
筋肉_右足,右母趾内転筋斜頭,みぎぼしないてんきんしゃとう,"Right Adductor hallucis, oblique head","M. adductor hallucis, caput obliquum dext.",
筋肉_右足,右母趾内転筋横頭,みぎぼしないてんきんおうとう,"Right Adductor hallucis, transverse head","M. adductor hallucis, caput transversum dext.",
筋肉_右足,右足の背側骨間筋,みぎあしのはいそくこっかんきん,Right Dorsal interossei of foot,Musculi interossei dorsales pedis dext.,
筋肉_右足,右短趾伸筋,みぎたんししんきん,Right Extensor digitorum brevis,Musculus extensor digitorum brevis dext.,
筋肉_右足,右短母趾伸筋,みぎたんぼししんきん,Right Extensor hallucis brevis,Musculus extensor hallucis brevis dext.,
筋肉_右足,右短小趾屈筋,みぎたんしょうしくっきん,Right Flexor digiti minimi brevis (foot),Musculus flexor digiti minimi brevis pedis dext.,
筋肉_右足,右短趾屈筋,みぎたんしょうくっきん,Right Flexor digitorum brevis,Musculus flexor digitorum brevis dext.,
筋肉_右足,右短母趾屈筋外側頭,みぎたんぼしくっきんがいそくとう,"Right Flexor hallucis brevis, lateral head","M. flexor hallucis brevis, caput laterale dext.",
筋肉_右足,右短母趾屈筋内側頭,みぎたんぼしくっきんないそくとう,"Right Flexor hallucis brevis, medial head","M. flexor hallucis brevis, caput mediale dext.",
筋肉_右足,右小趾対立筋,みぎしょうしたいりつきん,Right Opponens digiti minimi (foot),Musculus opponens digiti minimi pedis dext.,
筋肉_右足,右足底筋,みぎそくていきん,Right Plantaris,Musculus plantaris dext.,
筋肉_右足,右足底方形筋,みぎそくていほうけいきん,Right Quadratus plantae,Musculus quadratus plantae dext.,
筋肉_左上腕,左上腕二頭筋長頭,ひだりじょうわんにとうきんちょうとう,"Left Biceps brachii, long head","M. biceps brachii, caput longum sin.",
筋肉_左上腕,左上腕二頭筋短頭,ひだりじょうわんにとうきんたんとう,"Left Biceps brachii, short head","M. biceps brachii, caput breve sin.",
筋肉_左上腕,左上腕筋,ひだりじょうわんきん,Left Brachialis,Musculus brachialis sin.,
筋肉_左上腕,左烏口腕筋,ひだりうこうわんきん,Left Coracobrachialis,Musculus coracobrachialis sin.,
筋肉_左上腕,左三角筋肩峰部,ひだりさんかくきんけんほうぶ,"Left Deltoid, acromial part","M. deltoideus, pars acromialis sin.",
筋肉_左上腕,左三角筋鎖骨部,ひだりさんかくきんさこつぶ,"Left Deltoid, clavicular part","M. deltoideus, pars clavicularis sin.",
筋肉_左上腕,左三角筋肩甲棘部,ひだりさんかくきんけんこうきょくぶ,"Left Deltoid, spinal part","M. deltoideus, pars spinalis sin.",
筋肉_左上腕,左棘下筋,ひだりきょくかきん,Left Infraspinatus,Musculus infraspinatus sin.,
筋肉_左上腕,左肩甲下筋,ひだりけんこうかきん,Left Subscapularis,Musculus subscapularis sin.,
筋肉_左上腕,左棘上筋,ひだりきょくじょうきん,Left Supraspinatus,Musculus supraspinatus sin.,
筋肉_左上腕,左大円筋,ひだりだいえんきん,Left Teres major,Musculus teres major sin.,
筋肉_左上腕,左小円筋,ひだりしょうえんきん,Left Teres minor,Musculus teres minor sin.,
筋肉_左上腕,左上腕三頭筋外側頭,ひだりじょうわんさんとうきんがいそくとう,"Left Triceps brachii, lateral head","M. triceps brachii, caput laterale sin.",
筋肉_左上腕,左上腕三頭筋長頭,ひだりじょうわんさんとうきんちょうとう,"Left Triceps brachii, long head","M. triceps brachii, caput longum sin.",
筋肉_左上腕,左上腕三頭筋内側頭,ひだりじょうわんさんとうきんないそくとう,"Left Triceps brachii, medial head","M. triceps brachii, caput mediale sin.",
筋肉_左下腿,左長趾伸筋,ひだりちょうししんきん,Left Extensor digitorum longus,Musculus extensor digitorum longus sin.,
筋肉_左下腿,左長母趾伸筋,ひだりちょうぼししんきん,Left Extensor hallucis longus,Musculus extensor hallucis longus sin.,
筋肉_左下腿,左短腓骨筋,ひだりたんひこつきん,Left Fibularis brevis,Musculus fibularis brevis sin.,
筋肉_左下腿,左長腓骨筋,ひだりちょうひこつきん,Left Fibularis longus,Musculus fibularis longus sin.,
筋肉_左下腿,左第三腓骨筋,ひだりだいさんひこつきん,Left Fibularis tertius,Musculus fibularis tertius sin.,low
筋肉_左下腿,左長趾屈筋,ひだりちょうしくっきん,Left Flexor digitorum longus,Musculus flexor digitorum longus sin.,
筋肉_左下腿,左長母趾屈筋,ひだりちょうぼしくっきん,Left Flexor hallucis longus,Musculus flexor hallucis longus sin.,
筋肉_左下腿,左腓腹筋外側頭,ひだりひふくきんがいそくとう,"Left Gastrocnemius, lateral head","M. gastrocnemius, caput laterale sin.",
筋肉_左下腿,左腓腹筋内側頭,ひだりひふくきんないそくとう,"Left Gastrocnemius, medial head","M. gastrocnemius, caput mediale sin.",
筋肉_左下腿,左膝窩筋,ひだりしつかきん,Left Popliteus,Musculus popliteus sin.,
筋肉_左下腿,左ヒラメ筋,ひだりひらめきん,Left Soleus,Musculus soleus sin.,
筋肉_左下腿,左前脛骨筋,ひだりぜんけいこつきん,Left Tibialis anterior,Musculus tibialis anterior sin.,
筋肉_左下腿,左後脛骨筋,ひだりこうけいこつきん,Left Tibialis posterior,Musculus tibialis posterior sin.,
筋肉_左前腕,左長母指外転筋,ひだりちょうぼしがいてんきん,Left Abductor pollicis longus,Musculus abductor pollicis longus sin.,
筋肉_左前腕,左母指内転筋斜頭,ひだりぼしないてんきんしゃとう,"Left Adductor pollicis, oblique head","M. adductor pollicis, caput obliquum sin.",
筋肉_左前腕,左母指内転筋横頭,ひだりぼしないてんきんおうとう,"Left Adductor pollicis, transverse head","M. adductor pollicis, caput transversum sin.",
筋肉_左前腕,左肘筋,ひだりちゅうきん,Left Anconeus,Musculus anconeus sin.,
筋肉_左前腕,左腕橈骨筋,ひだりわんとうこつきん,Left Brachioradialis,Musculus brachioradialis sin.,
筋肉_左前腕,左短橈側手根伸筋,ひだりたんとうそくしゅこんしんきん,Left Extensor carpi radialis brevis,Musculus extensor carpi radialis brevis sin.,
筋肉_左前腕,左長橈側手根伸筋,ひだりちょうとうそくしゅこんしんきん,Left Extensor carpi radialis longus,Musculus extensor carpi radialis longus sin.,
筋肉_左前腕,左尺側手根伸筋上腕頭,ひだりしゃくそくしゅこんしんきんじょうわんとう,"Left Extensor carpi ulnaris, humeral head","M. extensor carpi ulnaris, caput humerale sin.",
筋肉_左前腕,左尺側手根伸筋尺骨頭,ひだりしゃくそくしゅこんしんきんしゃくこつとう,"Left Extensor carpi ulnaris, ulnar head","M. extensor carpi ulnaris, caput ulnare sin.",
筋肉_左前腕,左小指伸筋,ひだりしょうししんきん,Left Extensor digiti minimi,Musculus extensor digiti minimi sin.,
筋肉_左前腕,左総指伸筋,ひだりそうししんきん,Left Extensor digitorum,Musculus extensor digitorum sin.,
筋肉_左前腕,左示指伸筋,ひだりしじしんきん,Left Extensor indicis,Musculus extensor indicis sin.,
筋肉_左前腕,左長母指伸筋,ひだりちょうぼししんきん,Left Extensor pollicis longus,Musculus extensor pollicis longus sin.,
筋肉_左前腕,左橈側手根屈筋,ひだりとうそくしゅこんくっきん,Left Flexor carpi radialis,Musculus flexor carpi radialis sin.,
筋肉_左前腕,左尺側手根屈筋上腕頭,ひだりしゃくそくしゅこんくっきんじょうわんとう,"Left Flexor carpi ulnaris, humeral head","M. flexor carpi ulnaris, caput humerale sin.",
筋肉_左前腕,左尺側手根屈筋尺骨頭,ひだりしゃくそくしゅこんくっきんしゃくこつとう,"Left Flexor carpi ulnaris, ulnar head","M. flexor carpi ulnaris, caput ulnare sin.",
筋肉_左前腕,左深指屈筋,ひだりしんしくっきん,Left Flexor digitorum profundus,Musculus flexor digitorum profundus sin.,
筋肉_左前腕,左浅指屈筋上腕尺骨頭,ひだりせんしくっきんじょうわんしゃっこつとう,"Left Flexor digitorum superficialis, humeroulnar head","M. flexor digitorum superficialis, caput humeroulnare sin.",
筋肉_左前腕,左浅指屈筋橈骨頭,ひだりせんしくっきんとうこつとう,"Left Flexor digitorum superficialis, radial head","M. flexor digitorum superficialis, caput radiale sin.",
筋肉_左前腕,左長母指屈筋,ひだりちょうぼしくっきん,Left Flexor pollicis longus,Musculus flexor pollicis longus sin.,
筋肉_左前腕,左母指対立筋,ひだりぼしたいりつきん,Left Opponens pollicis,Musculus opponens pollicis sin.,
筋肉_左前腕,左長掌筋,ひだりちょうしょうきん,Left Palmaris longus,Musculus palmaris longus sin.,
筋肉_左前腕,左方形回内筋,ひだりほうけいかいないきん,Left Pronator quadratus,Musculus pronator quadratus sin.,
筋肉_左前腕,左円回内筋上腕頭,ひだりえんかいないきんじょうわんとう,"Left Pronator teres, humeral head","M. pronator teres, caput humerale sin.",
筋肉_左前腕,左円回内筋尺骨頭,ひだりえんかいないきんしゃくこつとう,"Left Pronator teres, ulnar head","M. pronator teres, caput ulnare sin.",
筋肉_左前腕,左回外筋,ひだりかいがいきん,Left Supinator,Musculus supinator sin.,
筋肉_左大腿,左短内転筋,ひだりたんないてんきん,Left Adductor brevis,Musculus adductor brevis sin.,
筋肉_左大腿,左長内転筋,ひだりちょうないてんきん,Left Adductor longus,Musculus adductor longus sin.,
筋肉_左大腿,左大内転筋,ひだりだいないてんきん,Left Adductor magnus,Musculus adductor magnus sin.,
筋肉_左大腿,左小内転筋,ひだりしょうないてんきん,Left Adductor minimus,Musculus adductor minimus sin.,
筋肉_左大腿,左大腿二頭筋長頭,ひだりだいたいにとうきんちょうとう,"Left Biceps femoris, long head","M. biceps femoris, caput longum sin.",
筋肉_左大腿,左大腿二頭筋短頭,ひだりだいたいにとうきんたんとう,"Left Biceps femoris, short head","M. biceps femoris, caput breve sin.",
筋肉_左大腿,左薄筋,ひだりはくきん,Left Gracilis,Musculus gracilis sin.,
筋肉_左大腿,左恥骨筋,ひだりちこつきん,Left Pectineus,Musculus pectineus sin.,
筋肉_左大腿,左大腿直筋,ひだりだいたいちょくきん,Left Rectus femoris,Musculus rectus femoris sin.,
筋肉_左大腿,左縫工筋,ひだりほうこうきん,Left Sartorius,Musculus sartorius sin.,
筋肉_左大腿,左半膜様筋,ひだりはんまくようきん,Left Semimembranosus,Musculus semimembranosus sin.,
筋肉_左大腿,左半腱様筋,ひだりはんけんようきん,Left Semitendinosus,Musculus semitendinosus sin.,
筋肉_左大腿,左大腿筋膜張筋,ひだりだいたいきんまくちょうきん,Left Tensor fasciae latae,Musculus tensor fasciae latae sin.,
筋肉_左大腿,左中間広筋,ひだりちゅうかんこうきん,Left Vastus intermedius,Musculus vastus intermedius sin.,
筋肉_左大腿,左外側広筋,ひだりがいそくこうきん,Left Vastus lateralis,Musculus vastus lateralis sin.,
筋肉_左大腿,左内側広筋,ひだりないそくこうきん,Left Vastus medialis,Musculus vastus medialis sin.,
筋肉_左手,左小指外転筋,ひだりしょうしがいてんきん,Left Abductor digiti minimi (hand),Musculus abductor digiti minimi manus sin.,
筋肉_左手,左短母指外転筋,ひだりたんぼしがいてんきん,Left Abductor pollicis brevis,Musculus abductor pollicis brevis sin.,
筋肉_左手,左手の背側骨間筋,ひだりてのはいそくこっかんきん,Left Dorsal interossei of hand,Musculi interossei dorsales manus sin.,
筋肉_左手,左短母指伸筋,ひだりたんぼししんきん,Left Extensor pollicis brevis,Musculus extensor pollicis brevis sin.,
筋肉_左手,左短小指屈筋,ひだりたんしょうしくっきん,Left Flexor digiti minimi brevis (hand),Musculus flexor digiti minimi brevis manus sin.,
筋肉_左手,左短母指屈筋深頭,ひだりたんぼしくっきんしんとう,"Left Flexor pollicis brevis, deep head","M. flexor pollicis brevis, caput profundum sin.",
筋肉_左手,左短母指屈筋浅頭,ひだりたんぼしくっきんせんとう,"Left Flexor pollicis brevis, superficial head","M. flexor pollicis brevis, caput superficiale sin.",
筋肉_左手,左手の屈筋支帯,ひだりてのくっきんしたい,Left Flexor retinaculum of hand,Retinaculum musculorum flexorum manus sin.,
筋肉_左手,左小指対立筋,ひだりしょうしたいりつきん,Left Opponens digiti minimi (hand),Musculus opponens digiti minimi manus sin.,
筋肉_左足,左足第一虫様筋,ひだりあしだいいちちゅうようきん,Left 1st lumbrical of foot,Musculus lumbricalis pedis I sin.,
筋肉_左足,左足第二虫様筋,ひだりあしだいにちゅうようきん,Left 2nd lumbrical of foot,Musculus lumbricalis pedis II sin.,
筋肉_左足,左足第三虫様筋,ひだりあしだいさんちゅうようきん,Left 3rd lumbrical of foot,Musculus lumbricalis pedis III sin.,
筋肉_左足,左足第四虫様筋,ひだりあしだいよんちゅうようきん,Left 4th lumbrical of foot,Musculus lumbricalis pedis IV sin.,
筋肉_左足,左小趾外転筋,ひだりしょうしがいてんきん,Left Abductor digiti minimi (foot),Musculus abductor digiti minimi pedis sin.,
筋肉_左足,左母趾外転筋,ひだりぼしがいてんきん,Left Abductor hallucis,Musculus abductor hallucis sin.,
筋肉_左足,左母趾内転筋斜頭,ひだりぼしないてんきんしゃとう,"Left Adductor hallucis, oblique head","M. adductor hallucis, caput obliquum sin.",
筋肉_左足,左母趾内転筋横頭,ひだりぼしないてんきんおうとう,"Left Adductor hallucis, transverse head","M. adductor hallucis, caput transversum sin.",
筋肉_左足,左足の背側骨間筋,ひだりあしのはいそくこっかんきん,Left Dorsal interossei of foot,Musculi interossei dorsales pedis sin.,
筋肉_左足,左短趾伸筋,ひだりたんししんきん,Left Extensor digitorum brevis,Musculus extensor digitorum brevis sin.,
筋肉_左足,左短母趾伸筋,ひだりたんぼししんきん,Left Extensor hallucis brevis,Musculus extensor hallucis brevis sin.,
筋肉_左足,左短小趾屈筋,ひだりたんしょうしくっきん,Left Flexor digiti minimi brevis (foot),Musculus flexor digiti minimi brevis pedis sin.,
筋肉_左足,左短趾屈筋,ひだりたんしょうくっきん,Left Flexor digitorum brevis,Musculus flexor digitorum brevis sin.,
筋肉_左足,左短母趾屈筋外側頭,ひだりたんぼしくっきんがいそくとう,"Left Flexor hallucis brevis, lateral head","M. flexor hallucis brevis, caput laterale sin.",
筋肉_左足,左短母趾屈筋内側頭,ひだりたんぼしくっきんないそくとう,"Left Flexor hallucis brevis, medial head","M. flexor hallucis brevis, caput mediale sin.",
筋肉_左足,左小趾対立筋,ひだりしょうしたいりつきん,Left Opponens digiti minimi (foot),Musculus opponens digiti minimi pedis sin.,
筋肉_左足,左足底筋,ひだりそくていきん,Left Plantaris,Musculus plantaris sin.,
筋肉_左足,左足底方形筋,ひだりそくていほうけいきん,Left Quadratus plantae,Musculus quadratus plantae sin.,
筋肉_未分類,左第一底側骨間筋,ひだりだいいちていそくこつかんきん,Left 1st palmar interosseous,Musculus interosseus palmaris I sin.,
筋肉_未分類,左第二底側骨間筋,ひだりだいにていそくこつかんきん,Left 2nd palmar interosseous,Musculus interosseus palmaris II sin.,
筋肉_未分類,左第三底側骨間筋,ひだりだいさんていそくこつかんきん,Left 3rd palmar interosseous,Musculus interosseus palmaris III sin.,
筋肉_未分類,右第一底側骨間筋,みぎだいいちていそくこつかんきん,Right 1st palmar interosseous,Musculus interosseus palmaris I dext.,
筋肉_未分類,右第二底側骨間筋,みぎだいにていそくこつかんきん,Right 2nd palmar interosseous,Musculus interosseus palmaris II dext.,
筋肉_未分類,右第三底側骨間筋,みぎだいさんていそくこつかんきん,Right 3rd palmar interosseous,Musculus interosseus palmaris III dext.,
筋肉_胴体,外肋間筋_下部,がいろっかんきん_かぶ,"External intercostals, lower part",Mm. intercostales externi (inferior),low
筋肉_胴体,外肋間筋_上部,がいろっかんきん_じょうぶ,"External intercostals, upper part",Mm. intercostales externi (superior),low
筋肉_胴体,最内肋間筋_下部,さいないろっかんきん_かぶ,"Innermost intercostals, lower part",Mm. intercostales intimi (inferior),low
筋肉_胴体,最内肋間筋_上部,さいないろっかんきん_じょうぶ,"Innermost intercostals, upper part",Mm. intercostales intimi (superior),low
筋肉_胴体,内肋間筋_下部,ないろっかんきん_かぶ,"Internal intercostals, lower part",Mm. intercostales interni (inferior),low
筋肉_胴体,内肋間筋_上部,ないろっかんきん_じょうぶ,"Internal intercostals, upper part",Mm. intercostales interni (superior),low
筋肉_胴体,腰棘間筋,ようきょくかんきん,Interspinales lumborum,Musculi interspinales lumborum,
筋肉_胴体,胸棘間筋,きょうきょくかんきん,Interspinales thoracis,Musculi interspinales thoracis,
筋肉_胴体,腰外側横突間筋,ようぶがいそくおうとつかんきん,Lateral intertransversarii lumborum,Mm. intertransversarii laterales lumborum,
筋肉_胴体,左外腹斜筋,ひだりがいふくしゃきん,Left External oblique,Musculus obliquus externus abdominis sin.,
筋肉_胴体,左頚腸肋筋,ひだりけいちょうろくきん,Left Iliocostalis cervicis,Musculus iliocostalis cervicis sin.,
筋肉_胴体,左腰腸肋筋,ひだりようちょうろくきん,Left Iliocostalis lumborum,Musculus iliocostalis lumborum sin.,
筋肉_胴体,左広背筋,ひだりこうはいきん,Left Latissimus dorsi,Musculus latissimus dorsi sin.,
筋肉_胴体,左短肋骨挙筋,ひだりたんろっこつきょきん,Left Levatores costarum breves,Musculi levatores costarum breves sin.,
筋肉_胴体,左長肋骨挙筋,ひだりちょうろっこつきょきん,Left Levatores costarum longi,Musculi levatores costarum longi sin.,
筋肉_胴体,左頭最長筋,ひだりとうさいちょうきん,Left Longissimus capitis,Musculus longissimus capitis sin.,
筋肉_胴体,左胸最長筋,ひだりきょうさいちょうきん,Left Longissimus thoracis,Musculus longissimus thoracis sin.,
筋肉_胴体,左多裂筋,ひだりたれつきん,Left Multifidus,Musculus multifidus sin.,
筋肉_胴体,左大胸筋腹部,ひだりだいきょうきんふくぶ,"Left Pectoralis major, abdominal part","M. pectoralis major, pars abdominalis sin.",
筋肉_胴体,左大胸筋鎖骨部,ひだりだいきょうきんさこつぶ,"Left Pectoralis major, clavicular part","M. pectoralis major, pars clavicularis sin.",
筋肉_胴体,左大胸筋胸肋部,ひだりだいきょうきんきょうろくぶ,"Left Pectoralis major, sternocostal part","M. pectoralis major, pars sternocostalis sin.",
筋肉_胴体,左小胸筋,ひだりしょうきょうきん,Left Pectoralis minor,Musculus pectoralis minor sin.,
筋肉_胴体,左腰方形筋,ひだりようほうけいきん,Left Quadratus lumborum,Musculus quadratus lumborum sin.,
筋肉_胴体,左腰回旋筋,ひだりようかいせんきん,Left Rotatores lumborum,Musculi rotatores lumborum sin.,
筋肉_胴体,左胸半棘筋,ひだりきょうはんきょくきん,Left Semispinalis thoracis,Musculus semispinalis thoracis sin.,
筋肉_胴体,左前鋸筋,ひだりぜんきょきん,Left Serratus anterior,Musculus serratus anterior sin.,
筋肉_胴体,左上後鋸筋,ひだりじょうこうきょきん,Left Serratus posterior superior,Musculus serratus posterior superior sin.,
筋肉_胴体,左頚棘筋,ひだりけいきょくきん,Left Spinalis cervicis,Musculus spinalis cervicis sin.,
筋肉_胴体,左胸棘筋,ひだりきょうきょくきん,Left Spinalis thoracis,Musculus spinalis thoracis sin.,
筋肉_胴体,左胸横筋,ひだりきょうおうきん,Left Transversus thoracis,Musculus transversus thoracis sin.,
筋肉_胴体,左僧帽筋上行部,ひだりそうぼうきんじょうこうぶ,"Left Trapezius, ascending part","M. trapezius, pars ascendens sin.",
筋肉_胴体,左僧帽筋下行部,ひだりそうぼうきんかこうぶ,"Left Trapezius, descending part","M. trapezius, pars descendens sin.",
筋肉_胴体,左僧帽筋水平部,ひだりそうぼうきんすいへいぶ,"Left Trapezius, transverse part","M. trapezius, pars transversa sin.",
筋肉_胴体,腰内側横突間筋,ようないそくおうとつかんきん,Medial intertransversarii lumborum,Mm. intertransversarii mediales lumborum,
筋肉_胴体,右外腹斜筋,みぎがいふくしゃきん,Right External oblique,Musculus obliquus externus abdominis dext.,
筋肉_胴体,右頚腸肋筋,みぎけいちょうろくきん,Right Iliocostalis cervicis,Musculus iliocostalis cervicis dext.,
筋肉_胴体,右腰腸肋筋,みぎようちょうろくきん,Right Iliocostalis lumborum,Musculus iliocostalis lumborum dext.,
筋肉_胴体,右広背筋,みぎこうはいきん,Right Latissimus dorsi,Musculus latissimus dorsi dext.,
筋肉_胴体,右短肋骨挙筋,みぎたんろっこつきょきん,Right Levatores costarum breves,Musculi levatores costarum breves dext.,
筋肉_胴体,右長肋骨挙筋,みぎちょうろっこつきょきん,Right Levatores costarum longi,Musculi levatores costarum longi dext.,
筋肉_胴体,右頭最長筋,みぎとうさいちょうきん,Right Longissimus capitis,Musculus longissimus capitis dext.,
筋肉_胴体,右胸最長筋,みぎきょうさいちょうきん,Right Longissimus thoracis,Musculus longissimus thoracis dext.,
筋肉_胴体,右多裂筋,みぎたれつきん,Right Multifidus,Musculus multifidus dext.,
筋肉_胴体,右大胸筋腹部,みぎだいきょうきんふくぶ,"Right Pectoralis major, abdominal part","M. pectoralis major, pars abdominalis dext.",
筋肉_胴体,右大胸筋鎖骨部,みぎだいきょうきんさこつぶ,"Right Pectoralis major, clavicular part","M. pectoralis major, pars clavicularis dext.",
筋肉_胴体,右大胸筋胸肋部,みぎだいきょうきんきょうろくぶ,"Right Pectoralis major, sternocostal part","M. pectoralis major, pars sternocostalis dext.",
筋肉_胴体,右小胸筋,みぎしょうきょうきん,Right Pectoralis minor,Musculus pectoralis minor dext.,
筋肉_胴体,右腰方形筋,みぎようほうけいきん,Right Quadratus lumborum,Musculus quadratus lumborum dext.,
筋肉_胴体,右腰回旋筋,みぎようかいせんきん,Right Rotatores lumborum,Musculi rotatores lumborum dext.,
筋肉_胴体,右胸半棘筋,みぎきょうはんきょくきん,Right Semispinalis thoracis,Musculus semispinalis thoracis dext.,
筋肉_胴体,右前鋸筋,みぎぜんきょきん,Right Serratus anterior,Musculus serratus anterior dext.,
筋肉_胴体,右上後鋸筋,みぎじょうこうきょきん,Right Serratus posterior superior,Musculus serratus posterior superior dext.,
筋肉_胴体,右頚棘筋,みぎけいきょくきん,Right Spinalis cervicis,Musculus spinalis cervicis dext.,
筋肉_胴体,右胸棘筋,みぎきょうきょくきん,Right Spinalis thoracis,Musculus spinalis thoracis dext.,
筋肉_胴体,右胸横筋,みぎきょうおうきん,Right Transversus thoracis,Musculus transversus thoracis dext.,
筋肉_胴体,右僧帽筋上行部,みぎそうぼうきんじょうこうぶ,"Right Trapezius, ascending part","M. trapezius, pars ascendens dext.",
筋肉_胴体,右僧帽筋下行部,みぎそうぼうきんかこうぶ,"Right Trapezius, descending part","M. trapezius, pars descendens dext.",
筋肉_胴体,右僧帽筋水平部,みぎそうぼうきんすいへいぶ,"Right Trapezius, transverse part","M. trapezius, pars transversa dext.",
筋肉_胴体,胸回旋筋,きょうかいせんきん,Rotatores thoracis,Musculi rotatores thoracis,
筋肉_頭頸部,帽状腱膜;上頭蓋腱膜;頭外被腱膜,ぼうじょうけんまく,Galea aponeurotica (epicranial aponeurosis),Aponeurosis epicranialis,
筋肉_頭頸部,左前斜角筋,ひだりぜんしゃかくきん,Left Anterior scalene,Musculus scalenus anterior sin.,
筋肉_頭頸部,左頬筋,ひだりきょうきん,Left Buccinator,Musculus buccinator sin.,
筋肉_頭頸部,左皺眉筋,ひだりしゅうびきん,Left Corrugator supercilii,Musculus corrugator supercilii sin.,
筋肉_頭頸部,左口角下制筋,ひだりこうかくかせいきん,Left Depressor anguli oris,Musculus depressor anguli oris sin.,
筋肉_頭頸部,左下唇下制筋,ひだりかしんかせいきん,Left Depressor labii inferioris,Musculus depressor labii inferioris sin.,
筋肉_頭頸部,左鼻中隔下制筋,ひだりびちゅうかくかせいきん,Left Depressor septi nasi,Musculus depressor septi nasi sin.,
筋肉_頭頸部,左顎二腹筋前腹,ひだりがくにふくきんぜんぷく,"Left Digastric, anterior belly","M. digastricus, venter anterior sin.",
筋肉_頭頸部,左顎二腹筋後腹,ひだりがくにふくきんこうふく,"Left Digastric, posterior belly","M. digastricus, venter posterior sin.",
筋肉_頭頸部,左前頭筋,ひだりぜんとうきん,Left Frontalis,Venter frontalis (m. occipitofrontalis) sin.,
筋肉_頭頸部,左オトガイ舌骨筋,ひだりおとがいぜつこつきん,Left Geniohyoid,Musculus geniohyoideus sin.,
筋肉_頭頸部,左外側翼突筋下頭,ひだりがいそくよくとつきんかとう,"Left Lateral pterygoid, inferior head","M. pterygoideus lateralis, caput inferius sin.",
筋肉_頭頸部,左外側翼突筋上頭,ひだりがいそくよくとつきんじょうとう,"Left Lateral pterygoid, superior head","M. pterygoideus lateralis, caput superius sin.",
筋肉_頭頸部,左口角挙筋,ひだりこうかくきょきん,Left Levator anguli oris,Musculus levator anguli oris sin.,
筋肉_頭頸部,左上唇挙筋,ひだりじょうしんきょきん,Left Levator labii superioris,Musculus levator labii superioris sin.,
筋肉_頭頸部,左上唇鼻翼挙筋,ひだりじょうしんびよくきょきん,Left Levator labii superioris alaeque nasi,M. levator labii superioris alaeque nasi sin.,
筋肉_頭頸部,左頭長筋,ひだりとうちょうきん,Left Longus capitis,Musculus longus capitis sin.,
筋肉_頭頸部,左頚長筋下斜線維,ひだりけいちょうきんかしゃせんい,"Left Longus colli, inferior oblique part","M. longus colli, pars obliqua inferior sin.",
筋肉_頭頸部,左頚長筋上斜線維,ひだりけいちょうきんじょうしゃせんい,"Left Longus colli, superior oblique part","M. longus colli, pars obliqua superior sin.",
筋肉_頭頸部,左頚長筋垂直線維,ひだりけいちょうきんすいちょくせんい,"Left Longus colli, vertical part","M. longus colli, pars verticalis sin.",
筋肉_頭頸部,左咬筋深部,ひだりこうきんしんぶ,"Left Masseter, deep part","M. masseter, pars profunda sin.",
筋肉_頭頸部,左咬筋浅部,ひだりこうきんせんぶ,"Left Masseter, superficial part","M. masseter, pars superficialis sin.",
筋肉_頭頸部,左内側翼突筋,ひだりないそくよくとつきん,Left Medial pterygoid,Musculus pterygoideus medialis sin.,
筋肉_頭頸部,左オトガイ筋,ひだりおとがいきん,Left Mentalis,Musculus mentalis sin.,
筋肉_頭頸部,左中斜角筋,ひだりちゅうしゃかくきん,Left Middle scalene,Musculus scalenus medius sin.,
筋肉_頭頸部,左顎舌骨筋,ひだりがくぜつこつきん,Left Mylohyoid,Musculus mylohyoideus sin.,
筋肉_頭頸部,左鼻筋,ひだりびきん,Left Nasalis,Musculus nasalis sin.,
筋肉_頭頸部,左下頭斜筋,ひだりかとうしゃきん,Left Obliquus capitis inferior,Musculus obliquus capitis inferior sin.,
筋肉_頭頸部,左上頭斜筋,ひだりじょうとうしゃきん,Left Obliquus capitis superior,Musculus obliquus capitis superior sin.,
筋肉_頭頸部,左後頭筋,ひだりこうとうきん,Left Occipitalis,Venter occipitalis (m. occipitofrontalis) sin.,
筋肉_頭頸部,左肩甲舌骨筋,ひだりけんこうぜつこつきん,Left Omohyoid,Musculus omohyoideus sin.,
筋肉_頭頸部,左眼輪筋眼窩部,ひだりがんりんきんがんかぶ,"Left Orbicularis oculi, orbital part","M. orbicularis oculi, pars orbitalis sin.",
筋肉_頭頸部,左眼輪筋眼瞼部,ひだりがんりんきんがんけんぶ,"Left Orbicularis oculi, palpebral part","M. orbicularis oculi, pars palpebralis sin.",
筋肉_頭頸部,左広頚筋,ひだりこうけいきん,Left Platysma,Platysma sin.,
筋肉_頭頸部,左後斜角筋,ひだりこうしゃかくきん,Left Posterior scalene,Musculus scalenus posterior sin.,
筋肉_頭頸部,左鼻根筋,ひだりびこんきん,Left Procerus,Musculus procerus sin.,
筋肉_頭頸部,左前頭直筋,ひだりぜんとうちょくきん,Left Rectus capitis anterior,Musculus rectus capitis anterior sin.,
筋肉_頭頸部,左外側頭長筋,ひだりがいそくとうちょうきん,Left Rectus capitis lateralis,Musculus rectus capitis lateralis sin.,low
筋肉_頭頸部,左笑筋,ひだりしょうきん,Left Risorius,Musculus risorius sin.,
筋肉_頭頸部,左頭板状筋,ひだりとうばんじょうきん,Left Splenius capitis,Musculus splenius capitis sin.,
筋肉_頭頸部,左頚板状筋,ひだりけいばんじょうきん,Left Splenius cervicis,Musculus splenius cervicis sin.,
筋肉_頭頸部,左胸鎖乳突筋,ひだりきょうさにゅうとつきん,Left Sternocleidomastoid,Musculus sternocleidomastoideus sin.,
筋肉_頭頸部,左胸骨舌骨筋,ひだりきょうこつぜつこつきん,Left Sternohyoid,Musculus sternohyoideus sin.,
筋肉_頭頸部,左胸骨甲状筋,ひだりきょうこつこうじょうきん,Left Sternothyroid,Musculus sternothyroideus sin.,
筋肉_頭頸部,左茎突舌骨筋,ひだりけいとつぜつこつきん,Left Stylohyoid,Musculus stylohyoideus sin.,
筋肉_頭頸部,左側頭筋,ひだりそくとうきん,Left Temporalis,Musculus temporalis sin.,
筋肉_頭頸部,左側頭頭頂筋,ひだりそくとうとうちょうきん,Left Temporoparietalis,Musculus temporoparietalis sin.,
筋肉_頭頸部,左甲状舌骨筋,ひだりこうじょうぜつこつきん,Left Thyrohyoid,Musculus thyrohyoideus sin.,
筋肉_頭頸部,左大頬骨筋,ひだりだいきょうこつきん,Left Zygomaticus major,Musculus zygomaticus major sin.,
筋肉_頭頸部,左小頬骨筋,ひだりしょうきょうこつきん,Left Zygomaticus minor,Musculus zygomaticus minor sin.,
筋肉_頭頸部,口輪筋,こうりんきん,Orbicularis oris,Musculus orbicularis oris,
筋肉_頭頸部,右前斜角筋,みぎぜんしゃかくきん,Right Anterior scalene,Musculus scalenus anterior dext.,
筋肉_頭頸部,右頬筋,みぎきょうきん,Right Buccinator,Musculus buccinator dext.,
筋肉_頭頸部,右皺眉筋,みぎしゅうびきん,Right Corrugator supercilii,Musculus corrugator supercilii dext.,
筋肉_頭頸部,右口角下制筋,みぎこうかくかせいきん,Right Depressor anguli oris,Musculus depressor anguli oris dext.,
筋肉_頭頸部,右下唇下制筋,みぎかしんかせいきん,Right Depressor labii inferioris,Musculus depressor labii inferioris dext.,
筋肉_頭頸部,右鼻中隔下制筋,みぎびちゅうかくかせいきん,Right Depressor septi nasi,Musculus depressor septi nasi dext.,
筋肉_頭頸部,右顎二腹筋前腹,みぎがくにふくきんぜんぷく,"Right Digastric, anterior belly","M. digastricus, venter anterior dext.",
筋肉_頭頸部,右顎二腹筋後腹,みぎがくにふくきんこうふく,"Right Digastric, posterior belly","M. digastricus, venter posterior dext.",
筋肉_頭頸部,右前頭筋,みぎぜんとうきん,Right Frontalis,Venter frontalis (m. occipitofrontalis) dext.,
筋肉_頭頸部,右オトガイ舌骨筋,みぎおとがいぜつこつきん,Right Geniohyoid,Musculus geniohyoideus dext.,
筋肉_頭頸部,右外側翼突筋下頭,みぎがいそくよくとつきんかとう,"Right Lateral pterygoid, inferior head","M. pterygoideus lateralis, caput inferius dext.",
筋肉_頭頸部,右外側翼突筋上頭,みぎがいそくよくとつきんじょうとう,"Right Lateral pterygoid, superior head","M. pterygoideus lateralis, caput superius dext.",
筋肉_頭頸部,右口角挙筋,みぎこうかくきょきん,Right Levator anguli oris,Musculus levator anguli oris dext.,
筋肉_頭頸部,右上唇挙筋,みぎじょうしんきょきん,Right Levator labii superioris,Musculus levator labii superioris dext.,
筋肉_頭頸部,右上唇鼻翼挙筋,みぎじょうしんびよくきょきん,Right Levator labii superioris alaeque nasi,M. levator labii superioris alaeque nasi dext.,
筋肉_頭頸部,右頭長筋,みぎとうちょうきん,Right Longus capitis,Musculus longus capitis dext.,
筋肉_頭頸部,右頚長筋下斜線維,みぎけいちょうきんかしゃせんい,"Right Longus colli, inferior oblique part","M. longus colli, pars obliqua inferior dext.",
筋肉_頭頸部,右頚長筋上斜線維,みぎけいちょうきんじょうしゃせんい,"Right Longus colli, superior oblique part","M. longus colli, pars obliqua superior dext.",
筋肉_頭頸部,右頚長筋垂直線維,みぎけいちょうきんすいちょくせんい,"Right Longus colli, vertical part","M. longus colli, pars verticalis dext.",
筋肉_頭頸部,右咬筋深部,みぎこうきんしんぶ,"Right Masseter, deep part","M. masseter, pars profunda dext.",
筋肉_頭頸部,右咬筋浅部,みぎこうきんせんぶ,"Right Masseter, superficial part","M. masseter, pars superficialis dext.",
筋肉_頭頸部,右内側翼突筋,みぎないそくよくとつきん,Right Medial pterygoid,Musculus pterygoideus medialis dext.,
筋肉_頭頸部,右オトガイ筋,みぎおとがいきん,Right Mentalis,Musculus mentalis dext.,
筋肉_頭頸部,右中斜角筋,みぎちゅうしゃかくきん,Right Middle scalene,Musculus scalenus medius dext.,
筋肉_頭頸部,右顎舌骨筋,みぎがくぜつこつきん,Right Mylohyoid,Musculus mylohyoideus dext.,
筋肉_頭頸部,右鼻筋,みぎびきん,Right Nasalis,Musculus nasalis dext.,
筋肉_頭頸部,右下頭斜筋,みぎかとうしゃきん,Right Obliquus capitis inferior,Musculus obliquus capitis inferior dext.,
筋肉_頭頸部,右上頭斜筋,みぎじょうとうしゃきん,Right Obliquus capitis superior,Musculus obliquus capitis superior dext.,
筋肉_頭頸部,右後頭筋,みぎこうとうきん,Right Occipitalis,Venter occipitalis (m. occipitofrontalis) dext.,
筋肉_頭頸部,右肩甲舌骨筋,みぎけんこうぜつこつきん,Right Omohyoid,Musculus omohyoideus dext.,
筋肉_頭頸部,右眼輪筋眼窩部,みぎがんりんきんがんかぶ,"Right Orbicularis oculi, orbital part","M. orbicularis oculi, pars orbitalis dext.",
筋肉_頭頸部,右眼輪筋眼瞼部,みぎがんりんきんがんけんぶ,"Right Orbicularis oculi, palpebral part","M. orbicularis oculi, pars palpebralis dext.",
筋肉_頭頸部,右広頚筋,みぎこうけいきん,Right Platysma,Platysma dext.,
筋肉_頭頸部,右後斜角筋,みぎこうしゃかくきん,Right Posterior scalene,Musculus scalenus posterior dext.,
筋肉_頭頸部,右鼻根筋,みぎびこんきん,Right Procerus,Musculus procerus dext.,
筋肉_頭頸部,右前頭直筋,みぎぜんとうちょくきん,Right Rectus capitis anterior,Musculus rectus capitis anterior dext.,
筋肉_頭頸部,右外側頭長筋,みぎがいそくとうちょうきん,Right Rectus capitis lateralis,Musculus rectus capitis lateralis dext.,low
筋肉_頭頸部,右笑筋,みぎしょうきん,Right Risorius,Musculus risorius dext.,
筋肉_頭頸部,右頭板状筋,みぎとうばんじょうきん,Right Splenius capitis,Musculus splenius capitis dext.,
筋肉_頭頸部,右頚板状筋,みぎけいばんじょうきん,Right Splenius cervicis,Musculus splenius cervicis dext.,
筋肉_頭頸部,右胸鎖乳突筋,みぎきょうさにゅうとつきん,Right Sternocleidomastoid,Musculus sternocleidomastoideus dext.,
筋肉_頭頸部,右胸骨舌骨筋,みぎきょうこつぜつこつきん,Right Sternohyoid,Musculus sternohyoideus dext.,
筋肉_頭頸部,右胸骨甲状筋,みぎきょうこつこうじょうきん,Right Sternothyroid,Musculus sternothyroideus dext.,
筋肉_頭頸部,右茎突舌骨筋,みぎけいとつぜつこつきん,Right Stylohyoid,Musculus stylohyoideus dext.,
筋肉_頭頸部,右側頭筋,みぎそくとうきん,Right Temporalis,Musculus temporalis dext.,
筋肉_頭頸部,右側頭頭頂筋,みぎそくとうとうちょうきん,Right Temporoparietalis,Musculus temporoparietalis dext.,
筋肉_頭頸部,右甲状舌骨筋,みぎこうじょうぜつこつきん,Right Thyrohyoid,Musculus thyrohyoideus dext.,
筋肉_頭頸部,右大頬骨筋,みぎだいきょうこつきん,Right Zygomaticus major,Musculus zygomaticus major dext.,
筋肉_頭頸部,右小頬骨筋,みぎしょうきょうこつきん,Right Zygomaticus minor,Musculus zygomaticus minor dext.,
筋肉_骨盤,外肛門括約筋,がいこうもんかつやくきん,External anal sphincter,Musculus sphincter ani externus,
筋肉_骨盤,左大殿筋,ひだりだいでんきん,Left Gluteus maximus,Musculus gluteus maximus sin.,
筋肉_骨盤,左中殿筋,ひだりちゅうでんきん,Left Gluteus medius,Musculus gluteus medius sin.,
筋肉_骨盤,左小殿筋,ひだりしょうでんきん,Left Gluteus minimus,Musculus gluteus minimus sin.,
筋肉_骨盤,左腸骨筋,ひだりちょうこつきん,Left Iliacus,Musculus iliacus sin.,
筋肉_骨盤,左腸骨尾骨筋,ひだりちょうこつびこつきん,Left Iliococcygeus,Musculus iliococcygeus sin.,
筋肉_骨盤,左下双子筋,ひだりかそうしきん,Left Inferior gemellus,Musculus gemellus inferior sin.,
筋肉_骨盤,左坐骨尾骨筋,ひだりざこつびこつきん,Left Ischiococcygeus (coccygeus),Musculus ischiococcygeus sin.,
筋肉_骨盤,左外閉鎖筋,ひだりがいへいさきん,Left Obturator externus,Musculus obturatorius externus sin.,
筋肉_骨盤,左内閉鎖筋,ひだりないへいさきん,Left Obturator internus,Musculus obturatorius internus sin.,
筋肉_骨盤,左梨状筋,ひだりりじょうきん,Left Piriformis,Musculus piriformis sin.,
筋肉_骨盤,左大腰筋,ひだりだいようきん,Left Psoas major,Musculus psoas major sin.,
筋肉_骨盤,左恥骨尾骨筋,ひだりちこつびこつきん,Left Pubococcygeus,Musculus pubococcygeus sin.,
筋肉_骨盤,左恥骨直腸筋,ひだりちこつちょうくちょうきん,Left Puborectalis,Musculus puborectalis sin.,
筋肉_骨盤,左大腿方形筋,ひだりだいたいほうけいきん,Left Quadratus femoris,Musculus quadratus femoris sin.,
筋肉_骨盤,左上双子筋,ひだりじょうそうしきん,Left Superior gemellus,Musculus gemellus superior sin.,
筋肉_骨盤,右大殿筋,みぎだいでんきん,Right Gluteus maximus,Musculus gluteus maximus dext.,
筋肉_骨盤,右中殿筋,みぎちゅうでんきん,Right Gluteus medius,Musculus gluteus medius dext.,
筋肉_骨盤,右小殿筋,みぎしょうでんきん,Right Gluteus minimus,Musculus gluteus minimus dext.,
筋肉_骨盤,右腸骨筋,みぎちょうこつきん,Right Iliacus,Musculus iliacus dext.,
筋肉_骨盤,右腸骨尾骨筋,みぎちょうこつびこつきん,Right Iliococcygeus,Musculus iliococcygeus dext.,
筋肉_骨盤,右下双子筋,みぎかそうしきん,Right Inferior gemellus,Musculus gemellus inferior dext.,
筋肉_骨盤,右坐骨尾骨筋,みぎざこつびこつきん,Right Ischiococcygeus (coccygeus),Musculus ischiococcygeus dext.,
筋肉_骨盤,右外閉鎖筋,みぎがいへいさきん,Right Obturator externus,Musculus obturatorius externus dext.,
筋肉_骨盤,右内閉鎖筋,みぎないへいさきん,Right Obturator internus,Musculus obturatorius internus dext.,
筋肉_骨盤,右梨状筋,みぎりじょうきん,Right Piriformis,Musculus piriformis dext.,
筋肉_骨盤,右大腰筋,みぎだいようきん,Right Psoas major,Musculus psoas major dext.,
筋肉_骨盤,右恥骨尾骨筋,みぎちこつびこつきん,Right Pubococcygeus,Musculus pubococcygeus dext.,
筋肉_骨盤,右恥骨直腸筋,みぎちこつちょうくちょうきん,Right Puborectalis,Musculus puborectalis dext.,
筋肉_骨盤,右大腿方形筋,みぎだいたいほうけいきん,Right Quadratus femoris,Musculus quadratus femoris dext.,
筋肉_骨盤,右上双子筋,みぎじょうそうしきん,Right Superior gemellus,Musculus gemellus superior dext.,
筋肉_骨盤,肛門挙筋腱弓,こうもんきょきんけんきゅう,Tendinous arch of levator ani,Arcus tendineus musculi levatoris ani,
靱帯・腱,左腸頚靭帯,ひだりちょうけいじんたい,Left Iliotibial tract,Tractus iliotibialis sin.,low
靱帯・腱,左鼡径靱帯,ひだりそけいじんたい,Left Inguinal ligament,Ligamentum inguinale sin.,
靱帯・腱,左長足底靱帯,ひだりちょうそくていじんたい,Left Long plantar ligament,Ligamentum plantare longum sin.,
靱帯・腱,白線,はくせん,Linea alba,Linea alba,
靱帯・腱,右腸頚靭帯,みぎちょうけいじんたい,Right Iliotibial tract,Tractus iliotibialis dext.,low
靱帯・腱,右鼡径靱帯,みぎそけいじんたい,Right Inguinal ligament,Ligamentum inguinale dext.,
靱帯・腱,右長足底靱帯,みぎちょうそくていじんたい,Right Long plantar ligament,Ligamentum plantare longum dext.,
骨格,第十胸椎椎間円板,だいじゅうきょうついついかんえんばん,10th thoracic intervertebral disc,Discus intervertebralis thoracicus X,
骨格,第十胸椎,だいじゅうきょうつい,10th thoracic vertebra (T10),Vertebra thoracica X,
骨格,第十一胸椎椎間円板,だいじゅういちきょうついついかんえんばん,11th thoracic intervertebral disc,Discus intervertebralis thoracicus XI,
骨格,第十一胸椎,だいじゅういちきょうつい,11th thoracic vertebra (T11),Vertebra thoracica XI,
骨格,第十二胸椎椎間円板,だいじゅうにきょうついついかんえんばん,12th thoracic intervertebral disc,Discus intervertebralis thoracicus XII,
骨格,第十二胸椎,だいじゅうにきょうつい,12th thoracic vertebra (T12),Vertebra thoracica XII,
骨格,第一腰椎椎間円板,だいいちようついついかんえんばん,1st lumbar intervertebral disc,Discus intervertebralis lumbalis I,
骨格,第一腰椎,だいいちようつい,1st lumbar vertebra (L1),Vertebra lumbalis I,
骨格,第一胸椎椎間円板,だいいちきょうついついかんえんばん,1st thoracic intervertebral disc,Discus intervertebralis thoracicus I,
骨格,第一胸椎,だいいちきょうつい,1st thoracic vertebra (T1),Vertebra thoracica I,
骨格,第二腰椎椎間円板,だいにようついついかんえんばん,2nd lumbar intervertebral disc,Discus intervertebralis lumbalis II,
骨格,第二腰椎,だいにようつい,2nd lumbar vertebra (L2),Vertebra lumbalis II,
骨格,第二胸椎椎間円板,だいにきょうついついかんえんばん,2nd thoracic intervertebral disc,Discus intervertebralis thoracicus II,
骨格,第二胸椎,だいにきょうつい,2nd thoracic vertebra (T2),Vertebra thoracica II,
骨格,第三頚椎椎間円板,だいさんけいついついかんえんばん,3rd cervical intervertebral disc,Discus intervertebralis cervicalis III,
骨格,第三頚椎,だいさんけいつい,3rd cervical vertebra (C3),Vertebra cervicalis III,
骨格,第三腰椎椎間円板,だいさんようついついかんえんばん,3rd lumbar intervertebral disc,Discus intervertebralis lumbalis III,
骨格,第三腰椎,だいさんようつい,3rd lumbar vertebra (L3),Vertebra lumbalis III,
骨格,第三胸椎椎間円板,だいさんきょうついついかんえんばん,3rd thoracic intervertebral disc,Discus intervertebralis thoracicus III,
骨格,第三胸椎,だいさんきょうつい,3rd thoracic vertebra (T3),Vertebra thoracica III,
骨格,第四頚椎椎間円板,だいよんけいついついかんえんばん,4th cervical intervertebral disc,Discus intervertebralis cervicalis IV,
骨格,第四頚椎,だいよんけいつい,4th cervical vertebra (C4),Vertebra cervicalis IV,
骨格,第四腰椎椎間円板,だいよんようついついかんえんばん,4th lumbar intervertebral disc,Discus intervertebralis lumbalis IV,
骨格,第四腰椎,だいよんようつい,4th lumbar vertebra (L4),Vertebra lumbalis IV,
骨格,第四胸椎椎間円板,だいよんきょうついついかんえんばん,4th thoracic intervertebral disc,Discus intervertebralis thoracicus IV,
骨格,第四胸椎,だいよんきょうつい,4th thoracic vertebra (T4),Vertebra thoracica IV,
骨格,第五頚椎椎間円板,だいごけいついついかんえんばん,5th cervical intervertebral disc,Discus intervertebralis cervicalis V,
骨格,第五頚椎,だいごけいつい,5th cervical vertebra (C5),Vertebra cervicalis V,
骨格,第五腰椎椎間円板,だいごようついついかんえんばん,5th lumbar intervertebral disc,Discus intervertebralis lumbalis V,
骨格,第五腰椎,だいごようつい,5th lumbar vertebra (L5),Vertebra lumbalis V,
骨格,第五胸椎椎間円板,だいごきょうついついかんえんばん,5th thoracic intervertebral disc,Discus intervertebralis thoracicus V,
骨格,第五胸椎,だいごきょうつい,5th thoracic vertebra (T5),Vertebra thoracica V,
骨格,第六頚椎椎間円板,だいろくけいついついかんえんばん,6th cervical intervertebral disc,Discus intervertebralis cervicalis VI,
骨格,第六頚椎,だいろくけいつい,6th cervical vertebra (C6),Vertebra cervicalis VI,
骨格,第六胸椎椎間円板,だいろくきょうついついかんえんばん,6th thoracic intervertebral disc,Discus intervertebralis thoracicus VI,
骨格,第六胸椎,だいろくきょうつい,6th thoracic vertebra (T6),Vertebra thoracica VI,
骨格,第七頚椎椎間円板,だいななけいついついかんえんばん,7th cervical intervertebral disc,Discus intervertebralis cervicalis VII,
骨格,第七胸椎椎間円板,だいななきょうついついかんえんばん,7th thoracic intervertebral disc,Discus intervertebralis thoracicus VII,
骨格,第七胸椎,だいななきょうつい,7th thoracic vertebra (T7),Vertebra thoracica VII,
骨格,第八胸椎椎間円板,だいはちきょうついついかんえんばん,8th thoracic intervertebral disc,Discus intervertebralis thoracicus VIII,
骨格,第八胸椎,だいはちきょうつい��,8th thoracic vertebra (T8),Vertebra thoracica VIII,
骨格,第九胸椎椎間円板,だいきゅうきょうついついかんえんばん,9th thoracic intervertebral disc,Discus intervertebralis thoracicus IX,
骨格,第九胸椎,だいきゅうきょうつい,9th thoracic vertebra (T9),Vertebra thoracica IX,
骨格,環椎[C1];第一頚椎,だいいちけいつい,Atlas (C1),Atlas,
骨格,軸椎[C2];第二頚椎,だいにけいつい,Axis (C2),Axis,
骨格,軸椎椎間円板,じくついついかんえんばん,Axis intervertebral disc (C2-C3),Discus intervertebralis axis,
骨格,胸骨体,きょうこつたい,Body of sternum,Corpus sterni,
骨格,篩骨,しこつ,Ethmoid bone,Os ethmoidale,
骨格,前頭骨,ぜんとうこつ,Frontal bone,Os frontale,
骨格,舌骨,ぜつこつ,Hyoid bone,Os hyoideum,
骨格,左第十肋骨,ひだりだいじゅうろっこつ,Left 10th rib,Costa X sin.,
骨格,左第十一肋骨,ひだりだいじゅういちろっこつ,Left 11th rib,Costa XI sin.,
骨格,左第十二肋骨,ひだりだいじゅうにろっこつ,Left 12th rib,Costa XII sin.,
骨格,左第一肋軟骨,ひだりだいいちろくなんこつ,Left 1st costal cartilage,Cartilago costalis I sin.,
骨格,左第一中手骨,ひだりだいいちちゅうしゅこつ,Left 1st metacarpal,Os metacarpi I sin.,
骨格,左第一中足骨,ひだりだいいちちゅしゅつこつ,Left 1st metatarsal,Os metatarsi I sin.,
骨格,左第一肋骨,ひだりだいいちろっこつ,Left 1st rib,Costa I sin.,
骨格,左第二肋軟骨,ひだりだいにろくなんこつ,Left 2nd costal cartilage,Cartilago costalis II sin.,
骨格,左第二中手骨,ひだりだいにちゅうしゅこつ,Left 2nd metacarpal,Os metacarpi II sin.,
骨格,左第二中足骨,ひだりだいにちゅうそくこつ,Left 2nd metatarsal,Os metatarsi II sin.,
骨格,左第二肋骨,ひだりだいにろっこつ,Left 2nd rib,Costa II sin.,
骨格,左第三肋軟骨,ひだりだいさんろくなんこつ,Left 3rd costal cartilage,Cartilago costalis III sin.,
骨格,左第三中手骨,ひだりだいさんちゅうしゅこつ,Left 3rd metacarpal,Os metacarpi III sin.,
骨格,左第三中足骨,ひだりだいさんちゅうそくこつ,Left 3rd metatarsal,Os metatarsi III sin.,
骨格,左第三肋骨,ひだりだいさんろっこつ,Left 3rd rib,Costa III sin.,
骨格,左第四肋軟骨,ひだりだいよんろくなんこつ,Left 4th costal cartilage,Cartilago costalis IV sin.,
骨格,左第四中手骨,ひだりだいよんちゅうしゅこつ,Left 4th metacarpal,Os metacarpi IV sin.,
骨格,左第四中足骨,ひだりだいよんちゅうそっこつ,Left 4th metatarsal,Os metatarsi IV sin.,
骨格,左第四肋骨,ひだりだいよんろっこつ,Left 4th rib,Costa IV sin.,
骨格,左第五肋軟骨,ひだりだいごろくなんこつ,Left 5th costal cartilage,Cartilago costalis V sin.,
骨格,左第五中手骨,ひだりだいごちゅうしゅこつ,Left 5th metacarpal,Os metacarpi V sin.,
骨格,左第五中足骨,ひだりだいごちゅうそくこつ,Left 5th metatarsal,Os metatarsi V sin.,
骨格,左第五肋骨,ひだりだいごろっこつ,Left 5th rib,Costa V sin.,
骨格,左第六肋軟骨,ひだりだいろくろくなんこつ,Left 6th costal cartilage,Cartilago costalis VI sin.,
骨格,左第六肋骨,ひだりだいろくろっこつ,Left 6th rib,Costa VI sin.,
骨格,左第七肋軟骨,ひだりだいななろくなんこつ,Left 7th costal cartilage,Cartilago costalis VII sin.,
骨格,左第七肋骨,ひだりだいななろっこつ,Left 7th rib,Costa VII sin.,
骨格,左第八肋骨,ひだりだいはちろっこつ,Left 8th rib,Costa VIII sin.,
骨格,左第九肋骨,ひだりだいきゅうろっこつ,Left 9th rib,Costa IX sin.,
骨格,左踵骨腱,ひだりしょうこつけん,Left Calcaneal tendon,Tendo calcaneus sin.,
骨格,左踵骨,ひだりしょうこつ,Left Calcaneus,Calcaneus sin.,
骨格,左有頭骨,ひだりゆうとうこつ,Left Capitate,Os capitatum sin.,
骨格,左鎖骨,ひだりさこつ,Left Clavicle,Clavicula sin.,
骨格,左肋軟骨,ひだりろくなんこつ,Left Costal cartilage,Cartilagines costales sin.,
骨格,左立方骨,ひだりりっぽうこつ,Left Cuboid,Os cuboideum sin.,
骨格,左第一指末節骨,ひだりだいいっしまっせつこつ,Left Distal phalanx of 1st finger,Phalanx distalis (manus) I sin.,
骨格,左第一趾末節骨,ひだりだいいっしまっせつこつ,Left Distal phalanx of 1st toe,Phalanx distalis (pedis) I sin.,
骨格,左第二指末節骨,ひだりだいにしまっせつこつ,Left Distal phalanx of 2nd finger,Phalanx distalis (manus) II sin.,
骨格,左第二趾末節骨,ひだりだいにしまっせつこつ,Left Distal phalanx of 2nd toe,Phalanx distalis (pedis) II sin.,
骨格,左第三指末節骨,ひだりだいさんしまっせつこつ,Left Distal phalanx of 3rd finger,Phalanx distalis (manus) III sin.,
骨格,左第三趾末節骨,ひだりだいさんしまっせつこつ,Left Distal phalanx of 3rd toe,Phalanx distalis (pedis) III sin.,
骨格,左第四指末節骨,ひだりだいよんしまっせつこつ,Left Distal phalanx of 4th finger,Phalanx distalis (manus) IV sin.,
骨格,左第四趾末節骨,ひだりだいよんしまっせつこつ,Left Distal phalanx of 4th toe,Phalanx distalis (pedis) IV sin.,
骨格,左第五指末節骨,ひだりだいごしまっせつこつ,Left Distal phalanx of 5th finger,Phalanx distalis (manus) V sin.,
骨格,左第五趾末節骨,ひだりだいごしまっせつこつ,Left Distal phalanx of 5th toe,Phalanx distalis (pedis) V sin.,
骨格,左大腿骨,ひだりだいたいこつ,Left Femur,Femur sin.,
骨格,左腓骨,ひだりひこつ,Left Fibula,Fibula sin.,
骨格,左有鈎骨,ひだりゆうこうこつ,Left Hamate,Os hamatum sin.,
骨格,左寛骨,ひだりかんこつ,Left Hip bone,Os coxae sin.,
骨格,左上腕骨,ひだりじょうわんこつ,Left Humerus,Humerus sin.,
骨格,左下鼻甲介,ひだりかびこうかい,Left Inferior nasal concha,Concha nasalis inferior sin.,
骨格,左中間楔状骨,ひだりちゅうかんけつじょうこつ,Left Intermediate cuneiform,Os cuneiforme intermedium sin.,
骨格,左涙骨,ひだりるいこつ,Left Lacrimal bone,Os lacrimale sin.,
骨格,左外側楔状骨,ひだりがいそくけいじょうこつ,Left Lateral cuneiform,Os cuneiforme laterale sin.,
骨格,左月状骨,ひだりげつじょうこつ,Left Lunate,Os lunatum sin.,
骨格,左上顎骨,ひだりじょうがくこつ,Left Maxilla,Maxilla sin.,
骨格,左内側楔状骨,ひだりないそくけつじょうこつ,Left Medial cuneiform,Os cuneiforme mediale sin.,
骨格,左第二指中節骨,ひだりだいにしちゅうせつこつ,Left Middle phalanx of 2nd finger,Phalanx media (manus) II sin.,
骨格,左第二趾中節骨,ひだりだいにしちゅうせつこつ,Left Middle phalanx of 2nd toe,Phalanx media (pedis) II sin.,
骨格,左第三指中節骨,ひだりだいさんしちゅうせつこつ,Left Middle phalanx of 3rd finger,Phalanx media (manus) III sin.,
骨格,左第三趾中節骨,ひだりだいさんしちゅうせつこつ,Left Middle phalanx of 3rd toe,Phalanx media (pedis) III sin.,
骨格,左第四指中節骨,ひだりだいよんしちゅうせつこつ,Left Middle phalanx of 4th finger,Phalanx media (manus) IV sin.,
骨格,左第四趾中節骨,ひだりだいよんしちゅうせつこつ,Left Middle phalanx of 4th toe,Phalanx media (pedis) IV sin.,
骨格,左第五指中節骨,ひだりだいごしちゅうせつこつ,Left Middle phalanx of 5th finger,Phalanx media (manus) V sin.,
骨格,左第五趾中節骨,ひだりだいごしちゅうせつこつ,Left Middle phalanx of 5th toe,Phalanx media (pedis) V sin.,
骨格,左鼻骨,ひだりびこつ,Left Nasal bone,Os nasale sin.,
骨格,左足舟状骨,ひだりあしせんじょうこつ,Left Navicular,Os naviculare sin.,
骨格,左口蓋骨,ひだりこうがいこつ,Left Palatine bone,Os palatinum sin.,
骨格,左頭頂骨,ひだりとうちょうこつ,Left Parietal bone,Os parietale sin.,
骨格,左膝蓋骨,ひだりしつがいこつ,Left Patella,Patella sin.,
骨格,左豆状骨,ひだりとうじょうこつ,Left Pisiform,Os pisiforme sin.,
骨格,左第一指基節骨,ひだりだいいっしきせつこつ,Left Proximal phalanx of 1st finger,Phalanx proximalis (manus) I sin.,
骨格,左第一趾基節骨,ひだりだいいっしきせつこつ,Left Proximal phalanx of 1st toe,Phalanx proximalis (pedis) I sin.,
骨格,左第二指基節骨,ひだりだいにしきせつこつ,Left Proximal phalanx of 2nd finger,Phalanx proximalis (manus) II sin.,
骨格,左第二趾基節骨,ひだりだいにしきせつこつ,Left Proximal phalanx of 2nd toe,Phalanx proximalis (pedis) II sin.,
骨格,左第三指基節骨,ひだりだいさんしきせつこつ,Left Proximal phalanx of 3rd finger,Phalanx proximalis (manus) III sin.,
骨格,左第三趾基節骨,ひだりだいさんしきせつこつ,Left Proximal phalanx of 3rd toe,Phalanx proximalis (pedis) III sin.,
骨格,左第四指基節骨,ひだりだいよんしきせつこつ,Left Proximal phalanx of 4th finger,Phalanx proximalis (manus) IV sin.,
骨格,左第四趾基節骨,ひだりだいよんしきせつこつ,Left Proximal phalanx of 4th toe,Phalanx proximalis (pedis) IV sin.,
骨格,左第五指基節骨,ひだりだいごしきせつこつ,Left Proximal phalanx of 5th finger,Phalanx proximalis (manus) V sin.,
骨格,左第五趾基節骨,ひだりだいごしきせつこつ,Left Proximal phalanx of 5th toe,Phalanx proximalis (pedis) V sin.,
骨格,左橈骨,ひだりとうこつ,Left Radius,Radius sin.,
骨格,左手舟状骨,ひだりてせんじょうこつ,Left Scaphoid,Os scaphoideum sin.,
骨格,左肩甲骨,ひだりけんこうこつ,Left Scapula,Scapula sin.,
骨格,左距骨,ひだりきょこつ,Left Talus,Talus sin.,
骨格,左側頭骨,ひだりそくとうこつ,Left Temporal bone,Os temporale sin.,
骨格,左脛骨,ひだりけいこつ,Left Tibia,Tibia sin.,
骨格,左大菱形骨,ひだりだいりょうけいこつ,Left Trapezium,Os trapezium sin.,
骨格,左小菱形骨,ひだりしょうりょうけいこつ,Left Trapezoid,Os trapezoideum sin.,
骨格,左三角骨,ひだりさんかくこつ,Left Triquetrum,Os triquetrum sin.,
骨格,左尺骨,ひだりしゃくこつ,Left Ulna,Ulna sin.,
骨格,左頬骨,ひだりきょうこつ,Left Zygomatic bone,Os zygomaticum sin.,
骨格,下顎骨,かがくこつ,Mandible,Mandibula,
骨格,胸骨柄,きょうこつへい,Manubrium of sternum,Manubrium sterni,
骨格,鼻軟骨,びなんこつ,Nasal cartilage,Cartilago nasi,
骨格,後頭/後頭骨,こうとうこつ,Occipital bone,Os occipitale,
骨格,右第十肋骨,みぎだいじゅうろっこつ,Right 10th rib,Costa X dext.,
骨格,右第十一肋骨,みぎだいじゅういちろっこつ,Right 11th rib,Costa XI dext.,
骨格,右第十二肋骨,みぎだいじゅうにろっこつ,Right 12th rib,Costa XII dext.,
骨格,右第一肋軟骨,みぎだいいちろくなんこつ,Right 1st costal cartilage,Cartilago costalis I dext.,
骨格,右第一中手骨,みぎだいいちちゅうしゅこつ,Right 1st metacarpal,Os metacarpi I dext.,
骨格,右第一中足骨,みぎだいいちちゅうそくこつ,Right 1st metatarsal,Os metatarsi I dext.,
骨格,右第一肋骨,みぎだいいちろっこつ,Right 1st rib,Costa I dext.,
骨格,右第二肋軟骨,みぎだいにろくなんこつ,Right 2nd costal cartilage,Cartilago costalis II dext.,
骨格,右第二中手骨,みぎだいにちゅうしゅこつ,Right 2nd metacarpal,Os metacarpi II dext.,
骨格,右第二中足骨,みぎだいにちゅうそくこつ,Right 2nd metatarsal,Os metatarsi II dext.,
骨格,右第二肋骨,みぎだいにろっこつ,Right 2nd rib,Costa II dext.,
骨格,右第三肋軟骨,みぎだいさんろくなんこつ,Right 3rd costal cartilage,Cartilago costalis III dext.,
骨格,右第三中手骨,みぎだいさんちゅうしゅこつ,Right 3rd metacarpal,Os metacarpi III dext.,
骨格,右第三中足骨,みぎだいさんちゅうそくこつ,Right 3rd metatarsal,Os metatarsi III dext.,
骨格,右第三肋骨,みぎだいさんろっこつ,Right 3rd rib,Costa III dext.,
骨格,右第四肋軟骨,みぎだいよんろくなんこつ,Right 4th costal cartilage,Cartilago costalis IV dext.,
骨格,右第四中手骨,みぎだいよんちゅうしゅこつ,Right 4th metacarpal,Os metacarpi IV dext.,
骨格,右第四中足骨,みぎだいよんちゅうそくこつ,Right 4th metatarsal,Os metatarsi IV dext.,
骨格,右第四肋骨,みぎだいよんろっこつ,Right 4th rib,Costa IV dext.,
骨格,右第五肋軟骨,みぎだいごろくなんこつ,Right 5th costal cartilage,Cartilago costalis V dext.,
骨格,右第五中手骨,みぎだいごちゅうしゅこつ,Right 5th metacarpal,Os metacarpi V dext.,
骨格,右第五中足骨,みぎだいごちゅうそくこつ,Right 5th metatarsal,Os metatarsi V dext.,
骨格,右第五肋骨,みぎだいごろっこつ,Right 5th rib,Costa V dext.,
骨格,右第六肋軟骨,みぎだいろくろくなんこつ,Right 6th costal cartilage,Cartilago costalis VI dext.,
骨格,右第六肋骨,みぎだいろくろっこつ,Right 6th rib,Costa VI dext.,
骨格,右第七肋軟骨,みぎだいななろくなんこつ,Right 7th costal cartilage,Cartilago costalis VII dext.,
骨格,右第七肋骨,みぎだいななろっこつ,Right 7th rib,Costa VII dext.,
骨格,右第八肋骨,みぎだいはちろっこつ,Right 8th rib,Costa VIII dext.,
骨格,右第九肋骨,みぎだいきゅうろっこつ,Right 9th rib,Costa IX dext.,
骨格,右踵骨腱,みぎしょうこつけん,Right Calcaneal tendon,Tendo calcaneus dext.,
骨格,右踵骨,みぎしょうこつ,Right Calcaneus,Calcaneus dext.,
骨格,右有頭骨,みぎゆうとうこつ,Right Capitate,Os capitatum dext.,
骨格,右鎖骨,みぎさこつ,Right Clavicle,Clavicula dext.,
骨格,右肋軟骨,みぎろくなんこつ,Right Costal cartilage,Cartilagines costales dext.,
骨格,右立方骨,みぎりっぽうこつ,Right Cuboid,Os cuboideum dext.,
骨格,右第一指末節骨,みぎだいいっしまっせつこつ,Right Distal phalanx of 1st finger,Phalanx distalis (manus) I dext.,
骨格,右第一趾末節骨,みぎだいいっしまっせつこつ,Right Distal phalanx of 1st toe,Phalanx distalis (pedis) I dext.,
骨格,右第二指末節骨,みぎだいにしまっせつこつ,Right Distal phalanx of 2nd finger,Phalanx distalis (manus) II dext.,
骨格,右第二趾末節骨,みぎだいにしまっせつこつ,Right Distal phalanx of 2nd toe,Phalanx distalis (pedis) II dext.,
骨格,右第三指末節骨,みぎだいさんしまっせつこつ,Right Distal phalanx of 3rd finger,Phalanx distalis (manus) III dext.,
骨格,右第三趾末節骨,みぎだいさんしまっせつこつ,Right Distal phalanx of 3rd toe,Phalanx distalis (pedis) III dext.,
骨格,右第四指末節骨,みぎだいよんしまっせつこつ,Right Distal phalanx of 4th finger,Phalanx distalis (manus) IV dext.,
骨格,右第四趾末節骨,みぎだいよんしまっせつこつ,Right Distal phalanx of 4th toe,Phalanx distalis (pedis) IV dext.,
骨格,右第五指末節骨,みぎだいごしまっせつこつ,Right Distal phalanx of 5th finger,Phalanx distalis (manus) V dext.,
骨格,右第五趾末節骨,みぎだいごしまっせつこつ,Right Distal phalanx of 5th toe,Phalanx distalis (pedis) V dext.,
骨格,右大腿骨,みぎだいたいこつ,Right Femur,Femur dext.,
骨格,右腓骨,みぎひこつ,Right Fibula,Fibula dext.,
骨格,右有鈎骨,みぎゆうこうこつ,Right Hamate,Os hamatum dext.,
骨格,右寛骨,みぎかんこつ,Right Hip bone,Os coxae dext.,
骨格,右上腕骨,みぎじょうわんこつ,Right Humerus,Humerus dext.,
骨格,右下鼻甲介,みぎかびこうかい,Right Inferior nasal concha,Concha nasalis inferior dext.,
骨格,右中間側楔状骨,みぎちゅうかんそくけいじょうこつ,Right Intermediate cuneiform,Os cuneiforme intermedium dext.,low
骨格,右涙骨,みぎるいこつ,Right Lacrimal bone,Os lacrimale dext.,
骨格,右外側楔状骨,みぎがいそくけいじょうこつ,Right Lateral cuneiform,Os cuneiforme laterale dext.,
骨格,右月状骨,みぎげつじょうこつ,Right Lunate,Os lunatum dext.,
骨格,右上顎骨,みぎじょうがくこつ,Right Maxilla,Maxilla dext.,
骨格,右内側楔状骨,みぎないそくけいじょうこつ,Right Medial cuneiform,Os cuneiforme mediale dext.,
骨格,右第二指中節骨,みぎだいにしちゅうせつこつ,Right Middle phalanx of 2nd finger,Phalanx media (manus) II dext.,
骨格,右第二趾中節骨,みぎだいにしちゅうせつこつ,Right Middle phalanx of 2nd toe,Phalanx media (pedis) II dext.,
骨格,右第三指中節骨,みぎだいさんしちゅうせつこつ,Right Middle phalanx of 3rd finger,Phalanx media (manus) III dext.,
骨格,右第三趾中節骨,みぎだいさんしちゅうせつこつ,Right Middle phalanx of 3rd toe,Phalanx media (pedis) III dext.,
骨格,右第四指中節骨,みぎだいよんしちゅうせつこつ,Right Middle phalanx of 4th finger,Phalanx media (manus) IV dext.,
骨格,右第四趾中節骨,みぎだいよんしちゅうせつこつ,Right Middle phalanx of 4th toe,Phalanx media (pedis) IV dext.,
骨格,右第五指中節骨,みぎだいごしちゅうせつこつ,Right Middle phalanx of 5th finger,Phalanx media (manus) V dext.,
骨格,右第五趾中節骨,みぎだいごしちゅうせつこつ,Right Middle phalanx of 5th toe,Phalanx media (pedis) V dext.,
骨格,右鼻骨,みぎびこつ,Right Nasal bone,Os nasale dext.,
骨格,右足舟状骨,みぎあしせんじょうこつ,Right Navicular,Os naviculare dext.,
骨格,右口蓋骨,みぎこうがいこつ,Right Palatine bone,Os palatinum dext.,
骨格,右頭頂骨,みぎとうちょうこつ,Right Parietal bone,Os parietale dext.,
骨格,右膝蓋骨,みぎしつがいこつ,Right Patella,Patella dext.,
骨格,右豆状骨,みぎとうじょうこつ,Right Pisiform,Os pisiforme dext.,
骨格,右第一指基節骨,みぎだいいっしきせつこつ,Right Proximal phalanx of 1st finger,Phalanx proximalis (manus) I dext.,
骨格,右第一趾基節骨,みぎだいいっしきせつこつ,Right Proximal phalanx of 1st toe,Phalanx proximalis (pedis) I dext.,
骨格,右第二指基節骨,みぎだいにしきせつこつ,Right Proximal phalanx of 2nd finger,Phalanx proximalis (manus) II dext.,
骨格,右第二趾基節骨,みぎだいにしきせつこつ,Right Proximal phalanx of 2nd toe,Phalanx proximalis (pedis) II dext.,
骨格,右第三指基節骨,みぎだいさんしきせつこつ,Right Proximal phalanx of 3rd finger,Phalanx proximalis (manus) III dext.,
骨格,右第三趾基節骨,みぎだいさんしきせつこつ,Right Proximal phalanx of 3rd toe,Phalanx proximalis (pedis) III dext.,
骨格,右第四指基節骨,みぎだいよんしきせつこつ,Right Proximal phalanx of 4th finger,Phalanx proximalis (manus) IV dext.,
骨格,右第四趾基節骨,みぎだいよんしきせつこつ,Right Proximal phalanx of 4th toe,Phalanx proximalis (pedis) IV dext.,
骨格,右第五指基節骨,みぎだいごしきせつこつ,Right Proximal phalanx of 5th finger,Phalanx proximalis (manus) V dext.,
骨格,右第五趾基節骨,みぎだいごしきせつこつ,Right Proximal phalanx of 5th toe,Phalanx proximalis (pedis) V dext.,
骨格,右橈骨,みぎとうこつ,Right Radius,Radius dext.,
骨格,右手舟状骨,みぎてせんじょうこつ,Right Scaphoid,Os scaphoideum dext.,
骨格,右肩甲骨,みぎけんこうこつ,Right Scapula,Scapula dext.,
骨格,右距骨,みぎきょこつ,Right Talus,Talus dext.,
骨格,右側頭骨,みぎそくとうこつ,Right Temporal bone,Os temporale dext.,
骨格,右脛骨,みぎけいこつ,Right Tibia,Tibia dext.,
骨格,右大菱形骨,みぎだいりょうけいこつ,Right Trapezium,Os trapezium dext.,
骨格,右小菱形骨,みぎしょうりょうけいこつ,Right Trapezoid,Os trapezoideum dext.,
骨格,右三角骨,みぎさんかくこつ,Right Triquetrum,Os triquetrum dext.,
骨格,右尺骨,みぎしゃくこつ,Right Ulna,Ulna dext.,
骨格,右頬骨,みぎきょうこつ,Right Zygomatic bone,Os zygomaticum dext.,
骨格,仙骨;仙椎[1－5],せんこつ,Sacrum,Os sacrum,
骨格,種子骨,右足の）(しゅしこつ（みぎあしの）,Sesamoid bone,Os sesamoideum,
骨格,種子骨,左足の）(しゅしこつ（ひだりあしの）,Sesamoid bone,Os sesamoideum,
骨格,蝶形骨,ちょうけいこつ,Sphenoid bone,Os sphenoidale,
骨格,甲状軟骨,こうじょうなんこつ,Thyroid cartilage,Cartilago thyroidea,
骨格,隆椎;第七頚椎,だいななけいつい,Vertebra prominens (C7),Vertebra prominens,
骨格,鋤骨,じょこつ,Vomer,Vomer,
骨格,剣状突起,けんじょうとっき,Xiphoid process,Processus xiphoideus,
